<?xml version="1.0" encoding="UTF-8" standalone="no"?>
<raConfiguration version="10">
  <generalSettings>
    <option key="#Board#" value="board.ra0e1_fpb"/>
    <option key="CPU" value="RA0E1"/>
    <option key="Core" value="CM23"/>
    <option key="#TargetName#" value="R7FA0E1073CFJ"/>
    <option key="#TargetARCHITECTURE#" value="cortex-m23"/>
    <option key="#DeviceCommand#" value="R7FA0E107"/>
    <option key="#RTOS#" value="_none"/>
    <option key="#pinconfiguration#" value="R7FA0E1073CFJ.pincfg"/>
    <option key="#FSPVersion#" value="5.9.0"/>
    <option key="#ConfigurationFragments#" value="Renesas##BSP##Board##ra0e1_fpb##"/>
    <option key="#SELECTED_TOOLCHAIN#" value="gcc-arm-embedded"/>
    <option key="#ToolchainVersion#" value="13.2.1.arm-13-7"/>
  </generalSettings>
  <raBspConfiguration>
    <config id="config.bsp.ra0e1.R7FA0E1073CFJ">
      <property id="config.bsp.part_number" value="config.bsp.part_number.value"/>
      <property id="config.bsp.rom_size_bytes" value="config.bsp.rom_size_bytes.value"/>
      <property id="config.bsp.rom_size_bytes_hidden" value="65536"/>
      <property id="config.bsp.ram_size_bytes" value="config.bsp.ram_size_bytes.value"/>
      <property id="config.bsp.data_flash_size_bytes" value="config.bsp.data_flash_size_bytes.value"/>
      <property id="config.bsp.package_style" value="config.bsp.package_style.value"/>
      <property id="config.bsp.package_pins" value="config.bsp.package_pins.value"/>
      <property id="config.bsp.irq_count_hidden" value="64"/>
    </config>
    <config id="config.bsp.ra0e1">
      <property id="config.bsp.series" value="config.bsp.series.value"/>
    </config>
    <config id="config.bsp.ra0e1.fsp">
      <property id="config.bsp.fsp.inline_irq_functions" value="config.bsp.common.inline_irq_functions.disabled"/>
      <property id="config.bsp.fsp.OFS0.iwdt_start_mode" value="config.bsp.fsp.OFS0.iwdt_start_mode.disabled"/>
      <property id="config.bsp.fsp.OFS0.iwdt_timeout" value="config.bsp.fsp.OFS0.iwdt_timeout.2048"/>
      <property id="config.bsp.fsp.OFS0.iwdt_divisor" value="config.bsp.fsp.OFS0.iwdt_divisor.128"/>
      <property id="config.bsp.fsp.OFS0.iwdt_window_end" value="config.bsp.fsp.OFS0.iwdt_window_end.0"/>
      <property id="config.bsp.fsp.OFS0.iwdt_window_start" value="config.bsp.fsp.OFS0.iwdt_window_start.100"/>
      <property id="config.bsp.fsp.OFS0.iwdt_reset_interrupt" value="config.bsp.fsp.OFS0.iwdt_reset_interrupt.Reset"/>
      <property id="config.bsp.fsp.OFS0.iwdt_stop_control" value="config.bsp.fsp.OFS0.iwdt_stop_control.stops"/>
      <property id="config.bsp.fsp.OFS1.voltage_detection0.start" value="config.bsp.fsp.OFS1.voltage_detection0.start.disabled"/>
      <property id="config.bsp.fsp.OFS1.voltage_detection0_level" value="config.bsp.fsp.OFS1.voltage_detection0_level.186"/>
      <property id="config.bsp.fsp.OFS1.flash_readprotection" value="config.bsp.fsp.flash_readprotection.disabled"/>
      <property id="config.bsp.fsp.OFS1.flash_readprotection_start" value="0x01"/>
      <property id="config.bsp.fsp.OFS1.flash_readprotection_end" value="0x3F"/>
      <property id="config.bsp.fsp.OFS1.res_pin_selection" value="config.bsp.fsp.res_pin_selection.res_input"/>
      <property id="config.bsp.common.main_osc_wait" value="config.bsp.common.main_osc_wait.2_power_of_18_div_xtal"/>
      <property id="config.bsp.low_voltage_mode" value="config.bsp.low_voltage_mode.disabled"/>
      <property id="config.bsp.fsp.mcu.adc.max_freq_hz" value="32000000"/>
      <property id="config.bsp.fsp.mcu.adc.sensors_are_exclusive" value="0"/>
      <property id="config.bsp.fsp.mcu.sau_uart.max_baud" value="5333333"/>
      <property id="config.bsp.fsp.mcu.sau_spi.max_bitrate" value="16000000"/>
      <property id="config.bsp.fsp.mcu.uarta.max_baud" value="153600"/>
      <property id="config.bsp.fsp.mcu.uarta.pclk_restriction_enable" value="false"/>
      <property id="config.bsp.fsp.mcu.iic_master.rate.rate_fastplus" value="1"/>
      <property id="config.bsp.fsp.mcu.iic_master.fastplus_channels" value="0"/>
      <property id="config.bsp.fsp.mcu.iic_slave.rate.rate_fastplus" value="1"/>
      <property id="config.bsp.fsp.mcu.iic_slave.fastplus_channels" value="0x0"/>
      <property id="config.bsp.fsp.mcu.adc_d.max_scan_channel" value="4"/>
      <property id="config.bsp.common.id_mode" value="config.bsp.common.id_mode.unlocked"/>
      <property id="config.bsp.common.id_code" value="FFFFFFFFFFFFFFFFFFFFFFFFFFFFFFFF"/>
      <property id="config.bsp.common.id1" value=""/>
      <property id="config.bsp.common.id2" value=""/>
      <property id="config.bsp.common.id3" value=""/>
      <property id="config.bsp.common.id4" value=""/>
      <property id="config.bsp.common.id_fixed" value=""/>
      <property id="config.bsp.common.fill_flash_gap" value="config.bsp.common.fill_flash_gap.enabled"/>
    </config>
    <config id="config.bsp.ra">
      <property id="config.bsp.common.main" value="0x800"/>
      <property id="config.bsp.common.heap" value="0"/>
      <property id="config.bsp.common.vcc" value="3300"/>
      <property id="config.bsp.common.checking" value="config.bsp.common.checking.disabled"/>
      <property id="config.bsp.common.assert" value="config.bsp.common.assert.none"/>
      <property id="config.bsp.common.soft_reset" value="config.bsp.common.soft_reset.disabled"/>
      <property id="config.bsp.common.main_osc_populated" value="config.bsp.common.main_osc_populated.disabled"/>
      <property id="config.bsp.common.pfs_protect" value="config.bsp.common.pfs_protect.enabled"/>
      <property id="config.bsp.common.c_runtime_init" value="config.bsp.common.c_runtime_init.enabled"/>
      <property id="config.bsp.common.early_init" value="config.bsp.common.early_init.disabled"/>
      <property id="config.bsp.common.main_osc_clock_source" value="config.bsp.common.main_osc_clock_source.crystal"/>
      <property id="config.bsp.common.subclock_populated" value="config.bsp.common.subclock_populated.enabled"/>
      <property id="config.bsp.common.subclock_drive" value="config.bsp.common.subclock_drive.standard"/>
      <property id="config.bsp.common.subclock_stabilization_ms" value="1000"/>
    </config>
  </raBspConfiguration>
  <raClockConfiguration>
    <node id="board.clock.xtal.freq" mul="20000000" option="_edit"/>
    <node id="board.clock.xtal.div" option="board.clock.xtal.div.1"/>
    <node id="board.clock.hoco.freq" option="board.clock.hoco.freq.32m"/>
    <node id="board.clock.hoco.div" option="board.clock.hoco.div.1"/>
    <node id="board.clock.moco.freq" option="board.clock.moco.freq.4m"/>
    <node id="board.clock.moco.div" option="board.clock.moco.div.1"/>
    <node id="board.clock.subclk.freq" option="board.clock.subclk.freq.32768"/>
    <node id="board.clock.loco.freq" option="board.clock.loco.freq.32768"/>
    <node id="board.clock.iclk.source" option="board.clock.iclk.source.hoco"/>
    <node id="board.clock.iclk.display" option="board.clock.iclk.display.value"/>
    <node id="board.clock.tau.ck00.div" option="board.clock.tau.ck00.div.1"/>
    <node id="board.clock.tau.ck00.display" option="board.clock.tau.ck00.display.value"/>
    <node id="board.clock.tau.ck01.div" option="board.clock.tau.ck01.div.1"/>
    <node id="board.clock.tau.ck01.display" option="board.clock.tau.ck01.display.value"/>
    <node id="board.clock.tau.ck02.div" option="board.clock.tau.ck02.div.2"/>
    <node id="board.clock.tau.ck02.display" option="board.clock.tau.ck02.display.value"/>
    <node id="board.clock.tau.ck03.div" option="board.clock.tau.ck03.div.256"/>
    <node id="board.clock.tau.ck03.display" option="board.clock.tau.ck03.display.value"/>
    <node id="board.clock.sau.ck00.div" option="board.clock.sau.ck00.div.2"/>
    <node id="board.clock.sau.ck00.display" option="board.clock.sau.ck00.display.value"/>
    <node id="board.clock.sau.ck01.div" option="board.clock.sau.ck01.div.1"/>
    <node id="board.clock.sau.ck01.display" option="board.clock.sau.ck01.display.value"/>
    <node id="board.clock.sau.ck10.div" option="board.clock.sau.ck10.div.2"/>
    <node id="board.clock.sau.ck10.display" option="board.clock.sau.ck10.display.value"/>
    <node id="board.clock.sau.ck11.div" option="board.clock.sau.ck11.div.1"/>
    <node id="board.clock.sau.ck11.display" option="board.clock.sau.ck11.display.value"/>
    <node id="board.clock.clkout.source" option="board.clock.clkout.source.disabled"/>
    <node id="board.clock.clkout.div" option="board.clock.clkout.div.1"/>
    <node id="board.clock.clkout.display" option="board.clock.clkout.display.value"/>
    <node id="board.clock.uarta.source" option="board.clock.uarta.source.disabled"/>
    <node id="board.clock.uarta.source.display" option="board.clock.uarta.display.value"/>
    <node id="board.clock.fsxp.source" option="board.clock.fsxp.source.subclk"/>
    <node id="board.clock.tml.fitl0.source" option="board.clock.tml.fitl0.source.disabled"/>
    <node id="board.clock.tml.fitl0.display" option="board.clock.tml.fitl0.display.value"/>
    <node id="board.clock.tml.fitl1.source" option="board.clock.tml.fitl1.source.disabled"/>
    <node id="board.clock.tml.fitl1.display" option="board.clock.tml.fitl1.display.value"/>
    <node id="board.clock.tml.fitl2.source" option="board.clock.tml.fitl2.source.disabled"/>
    <node id="board.clock.tml.fitl2.display" option="board.clock.tml.fitl2.display.value"/>
    <node id="board.clock.fsxp.display" option="board.clock.fsxp.display.value"/>
  </raClockConfiguration>
  <raComponentSelection>
    <component apiversion="" class="Common" condition="" group="all" subgroup="fsp_common" variant="" vendor="Renesas" version="5.9.0">
      <description>Board Support Package Common Files</description>
      <originalPack>Renesas.RA.5.9.0.pack</originalPack>
    </component>
    <component apiversion="" class="HAL Drivers" condition="" group="all" subgroup="r_ioport" variant="" vendor="Renesas" version="5.9.0">
      <description>I/O Port</description>
      <originalPack>Renesas.RA.5.9.0.pack</originalPack>
    </component>
    <component apiversion="" class="CMSIS" condition="" group="CMSIS5" subgroup="CoreM" variant="" vendor="Arm" version="6.1.0+fsp.5.9.0">
      <description>Arm CMSIS Version 6 - Core (M)</description>
      <originalPack>Arm.CMSIS6.6.1.0+fsp.5.9.0.pack</originalPack>
    </component>
    <component apiversion="" class="BSP" condition="" group="ra0e1" subgroup="device" variant="R7FA0E1073CFJ" vendor="Renesas" version="5.9.0">
      <description>Board support package for R7FA0E1073CFJ</description>
      <originalPack>Renesas.RA_mcu_ra0e1.5.9.0.pack</originalPack>
    </component>
    <component apiversion="" class="BSP" condition="" group="ra0e1" subgroup="device" variant="" vendor="Renesas" version="5.9.0">
      <description>Board support package for RA0E1</description>
      <originalPack>Renesas.RA_mcu_ra0e1.5.9.0.pack</originalPack>
    </component>
    <component apiversion="" class="BSP" condition="" group="ra0e1" subgroup="fsp" variant="" vendor="Renesas" version="5.9.0">
      <description>Board support package for RA0E1 - FSP Data</description>
      <originalPack>Renesas.RA_mcu_ra0e1.5.9.0.pack</originalPack>
    </component>
    <component apiversion="" class="BSP" condition="" group="ra0e1" subgroup="events" variant="" vendor="Renesas" version="5.9.0">
      <description>Board support package for RA0E1 - Events</description>
      <originalPack>Renesas.RA_mcu_ra0e1.5.9.0.pack</originalPack>
    </component>
    <component apiversion="" class="BSP" condition="" group="Board" subgroup="ra0e1_fpb" variant="" vendor="Renesas" version="5.9.0">
      <description>RA0E1-FPB Board Support Files</description>
      <originalPack>Renesas.RA_board_ra0e1_fpb.5.9.0.pack</originalPack>
    </component>
    <component apiversion="" class="HAL Drivers" condition="" group="all" subgroup="r_flash_lp" variant="" vendor="Renesas" version="5.9.0">
      <description>Flash Memory Low Power</description>
      <originalPack>Renesas.RA.5.9.0.pack</originalPack>
    </component>
    <component apiversion="" class="Middleware" condition="" group="all" subgroup="rm_mcuboot_port" variant="" vendor="Renesas" version="5.9.0">
      <description>MCUboot Port for RA</description>
      <originalPack>Renesas.RA.5.9.0.pack</originalPack>
    </component>
    <component apiversion="" class="boot" condition="" group="all" subgroup="MCUboot" variant="" vendor="Linaro" version="2.1.0+renesas.3.fsp.5.9.0">
      <description>MCUboot</description>
      <originalPack>Linaro.MCUboot.2.1.0+renesas.3.fsp.5.9.0.pack</originalPack>
    </component>
    <component apiversion="" class="Cryptography" condition="" group="all" subgroup="MCUboot_TinyCrypt" variant="" vendor="Intel" version="0.2.8+renesas.2.fsp.5.9.0">
      <description>MCUboot TinyCrypt</description>
      <originalPack>Intel.TinyCrypt.0.2.8+renesas.2.fsp.5.9.0.pack</originalPack>
    </component>
  </raComponentSelection>
  <raElcConfiguration/>
  <raIcuConfiguration/>
  <raModuleConfiguration>
    <module id="module.driver.ioport_on_ioport.0">
      <property id="module.driver.ioport.name" value="g_ioport"/>
      <property id="module.driver.ioport.elc_trigger_ioport1" value="_disabled"/>
      <property id="module.driver.ioport.elc_trigger_ioport2" value="_disabled"/>
      <property id="module.driver.ioport.elc_trigger_ioport3" value="_disabled"/>
      <property id="module.driver.ioport.elc_trigger_ioport4" value="_disabled"/>
      <property id="module.driver.ioport.pincfg" value="g_bsp_pin_cfg"/>
    </module>
    <module id="module.middleware.mcuboot.773185354"/>
    <module id="module.driver.rm_mcuboot_port.591314330"/>
    <module id="module.middleware.mcuboot_logging.2035033795"/>
    <module id="module.middleware.mcuboot_tinycrypt.1101814879"/>
    <module id="module.driver.flash_on_flash_lp.956656940">
      <property id="module.driver.flash.name" value="g_flash0"/>
      <property id="module.driver.flash.data_flash_bgo" value="module.driver.flash.data_flash_bgo.disabled"/>
      <property id="module.driver.flash.p_callback" value="NULL"/>
      <property id="module.driver.flash.ipl" value="_disabled"/>
    </module>
    <context id="_hal.0">
      <stack module="module.driver.ioport_on_ioport.0"/>
      <stack module="module.middleware.mcuboot.773185354">
        <stack module="module.driver.rm_mcuboot_port.591314330" requires="module.middleware.mcuboot.requires.rm_mcuboot_port">
          <stack module="module.middleware.mcuboot_tinycrypt.1101814879" requires="module.driver.rm_mcuboot_port.requires.crypto"/>
          <stack module="module.driver.flash_on_flash_lp.956656940" requires="module.driver.rm_mcuboot_port.requires.flash"/>
        </stack>
        <stack module="module.middleware.mcuboot_logging.2035033795" requires="module.middleware.mcuboot.requires.mcuboot_logging"/>
      </stack>
    </context>
    <config id="config.middleware.mcuboot_port"/>
    <config id="config.middleware.mcuboot">
      <property id="config.middleware.mcuboot.custom_mcuboot_config" value=""/>
      <property id="config.middleware.mcuboot.signature" value="config.middleware.mcuboot.signature.none"/>
      <property id="config.middleware.mcuboot.upgrade_mode" value="config.middleware.mcuboot.upgrade_mode.swap"/>
      <property id="config.middleware.mcuboot.validate_primary" value="config.middleware.mcuboot.validate_primary.enabled"/>
      <property id="config.middleware.mcuboot.downgrade_prevention" value="config.middleware.mcuboot.downgrade_prevention.disabled"/>
      <property id="config.middleware.mcuboot.image_number" value="config.middleware.mcuboot.image_number.1"/>
      <property id="config.middleware.mcuboot.watchdog_feed" value=""/>
      <property id="config.middleware.mcuboot.flash_area_bootloader_size" value="0x3800"/>
      <property id="config.middleware.mcuboot.flash_area_bootloader_header_size" value="0x200"/>
      <property id="config.middleware.mcuboot.flash_s_partition_size" value="0x4000"/>
      <property id="config.middleware.mcuboot.scratch_partition_size" value="0x4000"/>
      <property id="config.middleware.mcuboot.measured_boot" value="config.middleware.mcuboot.measured_boot.disabled"/>
      <property id="config.middleware.mcuboot.data_sharing" value="config.middleware.mcuboot.data_sharing.disabled"/>
      <property id="config.middleware.mcuboot.flash_lp.dual_bank" value="enum.mcu.flash_lp.dual_bank.disabled"/>
      <property id="config.middleware.mcuboot.max_measured_boot_record" value="0x64"/>
      <property id="config.middleware.mcuboot.shared_data_size" value="0x380"/>
      <property id="config.middleware.mcuboot.shared_data_base" value="0x20000000"/>
      <property id="config.middleware.mcuboot.flash_nsc_partition_size" value="0x0"/>
      <property id="config.middleware.mcuboot.flash_ns_partition_size" value="0x0"/>
      <property id="config.middleware.mcuboot.ram_nsc_partition_size" value="0x0"/>
      <property id="config.middleware.mcuboot.ram_ns_partition_size" value="0x0"/>
      <property id="config.middleware.mcuboot.flash_area_bootloader_header_size_2" value="0x200"/>
      <property id="config.middleware.mcuboot.mmf_support" value="enum.mcu.mmf.state.disabled"/>
      <property id="config.middleware.mcuboot.boot_record" value=""/>
      <property id="config.middleware.mcuboot.boot_record_image_2" value=""/>
      <property id="config.middleware.mcuboot.sign_custom" value=" --pad"/>
      <property id="config.middleware.mcuboot.sign_custom_image_2" value=" --confirm"/>
      <property id="config.middleware.mcuboot.python_command" value="python"/>
      <property id="config.middleware.mcuboot.encryption_key" value="config.middleware.mcuboot.encryption_key.none"/>
    </config>
    <config id="config.middleware.mcuboot_logging">
      <property id="config.middleware.mcuboot.mcuboot_logging" value="config.middleware.mcuboot.mcuboot_logging.off"/>
    </config>
    <config id="config.middleware.mcuboot_sysflash"/>
    <config id="config.middleware.mcuboot_tinycrypt">
      <property id="config.middleware.mcuboot_tinycrypt.param_checking_enable" value="config.middleware.mcuboot_tinycrypt.param_checking_enable.bsp"/>
    </config>
    <config id="config.driver.ioport">
      <property id="config.driver.ioport.checking" value="config.driver.ioport.checking.system"/>
    </config>
    <config id="config.driver.flash_lp">
      <property id="config.driver.flash_lp.param_checking_enable" value="config.flash_lp.param_checking_enable.bsp"/>
      <property id="config.driver.flash_lp.param_code_flash_programming_enable" value="config.driver.flash_lp.param_code_flash_programming_enable.enabled"/>
      <property id="config.driver.flash_lp.bank_programming_enable" value="enum.mcu.flash.bank_programming.disabled"/>
      <property id="config.driver.flash_lp.param_data_flash_programming_enable" value="config.driver.flash_lp.param_data_flash_programming_enable.enabled"/>
      <property id="config.driver.flash_lp.data_flash_bgo_enable" value="config.driver.flash_lp.data_flash_bgo_enable.enabled"/>
      <property id="config.driver.flash_lp.instant_bank_swap" value="enum.mcu.flash.instant_bank_swap.disabled"/>
    </config>
  </raModuleConfiguration>
  <raPinConfiguration>
    <symbolicName propertyId="p008.symbolic_name" value="LED1"/>
    <symbolicName propertyId="p009.symbolic_name" value="LED2"/>
    <symbolicName propertyId="p010.symbolic_name" value="ARDUINO_AREF"/>
    <symbolicName propertyId="p011.symbolic_name" value="ARDUINO_A5"/>
    <symbolicName propertyId="p012.symbolic_name" value="PMOD1_CS2_GPIO9_ARDUINO_A2"/>
    <symbolicName propertyId="p013.symbolic_name" value="PMOD1_RESET_ARDUINO_A1"/>
    <symbolicName propertyId="p014.symbolic_name" value="PMOD2_GPIO8_ARDUINO_A0"/>
    <symbolicName propertyId="p015.symbolic_name" value="PMOD2_INT"/>
    <symbolicName propertyId="p100.symbolic_name" value="PMOD1_MISO_RXD_ARDUINO_D4"/>
    <symbolicName propertyId="p101.symbolic_name" value="PMOD1_MOSI_TXD_ARDUINO_D5"/>
    <symbolicName propertyId="p102.symbolic_name" value="PMOD1_SCK_RTS_ARDUINO_D6"/>
    <symbolicName propertyId="p103.symbolic_name" value="PMOD1_CS_CTS_ARDUINO_D7"/>
    <symbolicName propertyId="p109.symbolic_name" value="PMOD2_RESET_ARDUINO_D8"/>
    <symbolicName propertyId="p110.symbolic_name" value="PMOD2_SDA_ARDUINO_D9"/>
    <symbolicName propertyId="p112.symbolic_name" value="PMOD2_SCL_ARDUINO_D10"/>
    <symbolicName propertyId="p200.symbolic_name" value="SW"/>
    <symbolicName propertyId="p201.symbolic_name" value="PMOD1_INT_ARDUINO_D3"/>
    <symbolicName propertyId="p206.symbolic_name" value="RES"/>
    <symbolicName propertyId="p207.symbolic_name" value="ARDUINO_RX"/>
    <symbolicName propertyId="p208.symbolic_name" value="ARDUINO_TX"/>
    <symbolicName propertyId="p212.symbolic_name" value="ARDUINO_MISO"/>
    <symbolicName propertyId="p213.symbolic_name" value="ARDUINO_MOSI"/>
    <symbolicName propertyId="p407.symbolic_name" value="ARDUINO_SCK"/>
    <symbolicName propertyId="p913.symbolic_name" value="PMOD2_GPIO10_ARDUINO_SDA"/>
    <symbolicName propertyId="p914.symbolic_name" value="PMOD2_GPIO9_ARDUINO_SCL"/>
    <comment propertyId="p008.comment" value="GREEN_ARDUINO_A4"/>
    <comment propertyId="p009.comment" value="GREEN_PMOD1_CS3_GPIO10_ARDUINO_A3"/>
    <comment propertyId="p200.comment" value="ARDUINO_D2"/>
    <comment propertyId="p206.comment" value="ARDUINO_RESET"/>
    <comment propertyId="p407.comment" value="PMOD2_GPIO7"/>
    <pincfg active="false" name="FPB-RA0E1" selected="false" symbol="g_bsp_pin_cfg">
      <configSetting altId="adc0.an001.p011" configurationId="adc0.an001"/>
      <configSetting altId="adc0.an004.p012" configurationId="adc0.an004"/>
      <configSetting altId="adc0.an005.p013" configurationId="adc0.an005"/>
      <configSetting altId="adc0.an006.p014" configurationId="adc0.an006"/>
      <configSetting altId="adc0.mode.custom.free" configurationId="adc0.mode"/>
      <configSetting altId="cgc.mode.custom.free" configurationId="cgc.mode"/>
      <configSetting altId="cgc.xcin.p215" configurationId="cgc.xcin"/>
      <configSetting altId="cgc.xcout.p214" configurationId="cgc.xcout"/>
      <configSetting altId="irq.irq0.p200" configurationId="irq.irq0"/>
      <configSetting altId="irq.irq1.p015" configurationId="irq.irq1"/>
      <configSetting altId="irq.mode.custom.free" configurationId="irq.mode"/>
      <configSetting altId="jtag_fslash_swd.mode.swd.free" configurationId="jtag_fslash_swd.mode"/>
      <configSetting altId="jtag_fslash_swd.swclk.p300" configurationId="jtag_fslash_swd.swclk"/>
      <configSetting altId="jtag_fslash_swd.swdio.p108" configurationId="jtag_fslash_swd.swdio"/>
      <configSetting altId="p008.output.low" configurationId="p008"/>
      <configSetting altId="p008.gpio_mode.gpio_mode_out.low" configurationId="p008.gpio_mode"/>
      <configSetting altId="p009.output.low" configurationId="p009"/>
      <configSetting altId="p009.gpio_mode.gpio_mode_out.low" configurationId="p009.gpio_mode"/>
      <configSetting altId="p010.system.vrefh0" configurationId="p010"/>
      <configSetting altId="p010.gpio_mode.gpio_mode_peripheral" configurationId="p010.gpio_mode"/>
      <configSetting altId="p011.adc0.an001" configurationId="p011"/>
      <configSetting altId="p011.gpio_mode.gpio_mode_an" configurationId="p011.gpio_mode"/>
      <configSetting altId="p012.adc0.an004" configurationId="p012"/>
      <configSetting altId="p012.gpio_mode.gpio_mode_an" configurationId="p012.gpio_mode"/>
      <configSetting altId="p013.adc0.an005" configurationId="p013"/>
      <configSetting altId="p013.gpio_mode.gpio_mode_an" configurationId="p013.gpio_mode"/>
      <configSetting altId="p014.adc0.an006" configurationId="p014"/>
      <configSetting altId="p014.gpio_mode.gpio_mode_an" configurationId="p014.gpio_mode"/>
      <configSetting altId="p015.irq.irq1" configurationId="p015"/>
      <configSetting altId="p015.gpio_irq.gpio_irq_enabled" configurationId="p015.gpio_irq"/>
      <configSetting altId="p015.gpio_mode.gpio_mode_irq" configurationId="p015.gpio_mode"/>
      <configSetting altId="p100.input" configurationId="p100"/>
      <configSetting altId="p100.gpio_mode.gpio_mode_in" configurationId="p100.gpio_mode"/>
      <configSetting altId="p100.gpio_pupd.gpio_pupd_ip_up" configurationId="p100.gpio_pupd"/>
      <configSetting altId="p101.input" configurationId="p101"/>
      <configSetting altId="p101.gpio_mode.gpio_mode_in" configurationId="p101.gpio_mode"/>
      <configSetting altId="p101.gpio_pupd.gpio_pupd_ip_up" configurationId="p101.gpio_pupd"/>
      <configSetting altId="p102.input" configurationId="p102"/>
      <configSetting altId="p102.gpio_mode.gpio_mode_in" configurationId="p102.gpio_mode"/>
      <configSetting altId="p102.gpio_pupd.gpio_pupd_ip_up" configurationId="p102.gpio_pupd"/>
      <configSetting altId="p103.input" configurationId="p103"/>
      <configSetting altId="p103.gpio_mode.gpio_mode_in" configurationId="p103.gpio_mode"/>
      <configSetting altId="p103.gpio_pupd.gpio_pupd_ip_up" configurationId="p103.gpio_pupd"/>
      <configSetting altId="p108.jtag_fslash_swd.swdio" configurationId="p108"/>
      <configSetting altId="p108.gpio_mode.gpio_mode_peripheral" configurationId="p108.gpio_mode"/>
      <configSetting altId="p109.input" configurationId="p109"/>
      <configSetting altId="p109.gpio_mode.gpio_mode_in" configurationId="p109.gpio_mode"/>
      <configSetting altId="p109.gpio_pupd.gpio_pupd_ip_up" configurationId="p109.gpio_pupd"/>
      <configSetting altId="p110.input" configurationId="p110"/>
      <configSetting altId="p110.gpio_mode.gpio_mode_in" configurationId="p110.gpio_mode"/>
      <configSetting altId="p110.gpio_pupd.gpio_pupd_ip_up" configurationId="p110.gpio_pupd"/>
      <configSetting altId="p112.input" configurationId="p112"/>
      <configSetting altId="p112.gpio_mode.gpio_mode_in" configurationId="p112.gpio_mode"/>
      <configSetting altId="p112.gpio_pupd.gpio_pupd_ip_up" configurationId="p112.gpio_pupd"/>
      <configSetting altId="p200.irq.irq0" configurationId="p200"/>
      <configSetting altId="p200.gpio_irq.gpio_irq_enabled" configurationId="p200.gpio_irq"/>
      <configSetting altId="p200.gpio_mode.gpio_mode_irq" configurationId="p200.gpio_mode"/>
      <configSetting altId="p201.input" configurationId="p201"/>
      <configSetting altId="p201.gpio_mode.gpio_mode_in" configurationId="p201.gpio_mode"/>
      <configSetting altId="p201.gpio_pupd.gpio_pupd_ip_up" configurationId="p201.gpio_pupd"/>
      <configSetting altId="p206.system.res" configurationId="p206"/>
      <configSetting altId="p206.gpio_mode.gpio_mode_peripheral" configurationId="p206.gpio_mode"/>
      <configSetting altId="p207.uarta.rxda" configurationId="p207"/>
      <configSetting altId="p207.gpio_mode.gpio_mode_peripheral" configurationId="p207.gpio_mode"/>
      <configSetting altId="p208.uarta.txda" configurationId="p208"/>
      <configSetting altId="p208.gpio_mode.gpio_mode_peripheral" configurationId="p208.gpio_mode"/>
      <configSetting altId="p212.sau_spi11.si11" configurationId="p212"/>
      <configSetting altId="p212.gpio_mode.gpio_mode_peripheral" configurationId="p212.gpio_mode"/>
      <configSetting altId="p213.sau_spi11.so11" configurationId="p213"/>
      <configSetting altId="p213.gpio_mode.gpio_mode_peripheral" configurationId="p213.gpio_mode"/>
      <configSetting altId="p214.cgc.xcout" configurationId="p214"/>
      <configSetting altId="p214.gpio_mode.gpio_mode_peripheral" configurationId="p214.gpio_mode"/>
      <configSetting altId="p215.cgc.xcin" configurationId="p215"/>
      <configSetting altId="p215.gpio_mode.gpio_mode_peripheral" configurationId="p215.gpio_mode"/>
      <configSetting altId="p300.jtag_fslash_swd.swclk" configurationId="p300"/>
      <configSetting altId="p300.gpio_mode.gpio_mode_peripheral" configurationId="p300.gpio_mode"/>
      <configSetting altId="p407.sau_spi11.sck11" configurationId="p407"/>
      <configSetting altId="p407.gpio_mode.gpio_mode_peripheral" configurationId="p407.gpio_mode"/>
      <configSetting altId="p913.input" configurationId="p913"/>
      <configSetting altId="p913.gpio_mode.gpio_mode_in" configurationId="p913.gpio_mode"/>
      <configSetting altId="p914.input" configurationId="p914"/>
      <configSetting altId="p914.gpio_mode.gpio_mode_in" configurationId="p914.gpio_mode"/>
      <configSetting altId="sau_spi11.mode.simplespi.free" configurationId="sau_spi11.mode"/>
      <configSetting altId="sau_spi11.sck11.p407" configurationId="sau_spi11.sck11"/>
      <configSetting altId="sau_spi11.si11.p212" configurationId="sau_spi11.si11"/>
      <configSetting altId="sau_spi11.so11.p213" configurationId="sau_spi11.so11"/>
      <configSetting altId="system.mode.custom.free" configurationId="system.mode"/>
      <configSetting altId="system.res.p206" configurationId="system.res"/>
      <configSetting altId="system.vrefh0.p010" configurationId="system.vrefh0"/>
      <configSetting altId="uarta.mode.enabled.free" configurationId="uarta.mode"/>
      <configSetting altId="uarta.rxda.p207" configurationId="uarta.rxda"/>
      <configSetting altId="uarta.txda.p208" configurationId="uarta.txda"/>
    </pincfg>
    <pincfg active="true" name="R7FA0E1073CFJ.pincfg" selected="true" symbol="g_bsp_pin_cfg">
      <configSetting altId="jtag_fslash_swd.mode.swd.free" configurationId="jtag_fslash_swd.mode"/>
      <configSetting altId="jtag_fslash_swd.swclk.p300" configurationId="jtag_fslash_swd.swclk"/>
      <configSetting altId="jtag_fslash_swd.swdio.p108" configurationId="jtag_fslash_swd.swdio"/>
      <configSetting altId="p108.jtag_fslash_swd.swdio" configurationId="p108"/>
      <configSetting altId="p108.gpio_mode.gpio_mode_peripheral" configurationId="p108.gpio_mode"/>
      <configSetting altId="p300.jtag_fslash_swd.swclk" configurationId="p300"/>
      <configSetting altId="p300.gpio_mode.gpio_mode_peripheral" configurationId="p300.gpio_mode"/>
    </pincfg>
  </raPinConfiguration>
</raConfiguration>
